Sponsoring Institution,Sponsoring Institution Cleaned,SNHAF,City,City Cleaned,Specialty,Specialty Cleaned,Program Code,2024 Quota,2024 Matched,2023 Quota,2023 Matched,2022 Quota,2022 Matched,2021 Quota,2021 Matched,2020 Quota,2020 Matched
AdventHealth Florida,AdventHealth Florida,NOT,Orlando,Orlando,Emergency Medicine,Emergency Medicine,1102110C0,8,8,7,7,6,6,6,6,6,6
AdventHealth Florida,AdventHealth Florida,NOT,Orlando,Orlando,Family Medicine,Family Medicine,1102120C0,12,8,12,12,12,12,12,12,12,12
AdventHealth Florida,AdventHealth Florida,NOT,Orlando,Orlando,Fam Med/East Orlando/Osteopathic,Family Medicine,1102120C1,8,8,8,8,8,8,8,8,8,8
AdventHealth Florida,AdventHealth Florida,NOT,Orlando,Sebring,Family Medicine/Sebring,Family Medicine,1102120C2,8,8,6,6,8,4,8,8,0,0
AdventHealth Florida,AdventHealth Florida,NOT,Orlando,Wesley Chapel,Family Medicine/Wesley Chapel,Family Medicine,1102120C3,8,8,0,0,0,0,0,0,0,0
AdventHealth Florida,AdventHealth Florida,NOT,Orlando,Orlando,Internal Medicine,Internal Medicine,1102140C0,14,14,12,12,12,12,12,12,12,12
AdventHealth Florida,AdventHealth Florida,NOT,Orlando,Sebring,Internal Medicine/Sebring,Internal Medicine,1102140C1,8,8,8,8,8,8,0,0,0,0
AdventHealth Florida,AdventHealth Florida,NOT,Orlando,Tampa,Internal Medicine/Tampa,Internal Medicine,1102140C2,13,13,13,13,0,0,0,0,0,0
AdventHealth Florida,AdventHealth Florida,NOT,Orlando,Orlando,Medicine-Primary,Medicine-Primary,1102140M0,2,2,2,2,2,2,2,2,2,2
AdventHealth Florida,AdventHealth Florida,NOT,Orlando,Orlando,Obstetrics-Gynecology,Obstetrics-Gynecology,1102220C0,4,4,4,4,0,0,0,0,0,0
AdventHealth Florida,AdventHealth Florida,NOT,Orlando,Tampa,Obstetrics-Gynecology/Tampa,Obstetrics-Gynecology,1102220C1,3,3,0,0,0,0,0,0,0,0
AdventHealth Florida,AdventHealth Florida,NOT,Orlando,Orlando,Orthopaedic Surgery,Orthopaedic Surgery,1102260C0,6,6,6,6,0,0,0,0,0,0
AdventHealth Florida,AdventHealth Florida,NOT,Orlando,Orlando,Pediatrics,Pediatrics,1102320C0,12,12,6,6,6,6,6,6,6,6
AdventHealth Florida,AdventHealth Florida,NOT,Orlando,Orlando,Radiology-Diagnostic,Radiology-Diagnostic,1102420A0,4,4,4,4,4,4,4,4,4,4
AdventHealth Florida,AdventHealth Florida,NOT,Orlando,Orlando,General Surgery,General Surgery,1102440C0,4,4,4,4,4,4,4,4,4,4
AdventHealth Florida,AdventHealth Florida,NOT,Orlando,Tampa,General Surgery/Tampa,General Surgery,1102440C1,4,4,0,0,0,0,0,0,0,0
AdventHealth Florida,AdventHealth Florida,NOT,Orlando,Tampa,Surgery Prelim/Tampa,Surgery-Preliminary,1102440P0,4,4,0,0,0,0,0,0,0,0
Aventura Hospital-FL,Aventura Hospital,NOT,Aventura,Aventura,Emergency Medicine,Emergency Medicine,1752110C0,0,0,0,0,0,0,12,12,12,12
Aventura Hospital-FL,Aventura Hospital,NOT,Aventura,Aventura,Internal Medicine,Internal Medicine,1752140C0,0,0,0,0,0,0,15,15,15,15
Aventura Hospital-FL,Aventura Hospital,NOT,Aventura,Aventura,Psychiatry,Psychiatry,1752400C0,0,0,0,0,0,0,5,5,5,5
Aventura Hospital-FL,Aventura Hospital,NOT,Aventura,Aventura,Radiology-Diagnostic,Radiology-Diagnostic,1752420A0,0,0,0,0,0,0,0,0,5,2
Aventura Hospital-FL,Aventura Hospital,NOT,Aventura,Aventura,Radiology-Diagnostic,Radiology-Diagnostic,1752420C0,0,0,0,0,0,0,5,1,0,0
Aventura Hospital-FL,Aventura Hospital,NOT,Aventura,Aventura,Radiology-Diagnostic,Radiology-Diagnostic,1752420R0,0,0,0,0,0,0,1,1,0,0
Aventura Hospital-FL,Aventura Hospital,NOT,Aventura,Aventura,Transitional,Transitional,1752999P0,0,0,0,0,0,0,8,8,13,13
Baptist Health South Florida,Baptist Health South Florida,NOT,Coral Gables,Coral Gables,Family Medicine/FIU,Family Medicine,2331120C0,4,4,4,4,0,0,0,0,0,0
BayCare Health System-FL,BayCare Health System,NOT,Clearwater,Clearwater,Family Medicine,Family Medicine,2300120C0,6,6,0,0,0,0,0,0,0,0
BayCare Health System-FL,BayCare Health System,NOT,Clearwater,Clearwater,Internal Medicine,Internal Medicine,2300140C0,39,19,0,0,0,0,0,0,0,0
BayCare Health System-FL,BayCare Health System,NOT,Clearwater,Clearwater,Pediatrics,Pediatrics,2300320C0,8,5,8,8,8,8,0,0,0,0
BayCare Health System-FL,BayCare Health System,NOT,Clearwater,Clearwater,Psychiatry,Psychiatry,2300400C0,6,6,6,6,6,6,0,0,0,0
Bayfront Med Ctr-FL,Bayfront Med Ctr,NOT,St Petersburg,St Petersburg,Family Medicine,Family Medicine,1911120C0,8,8,8,8,8,8,8,8,8,8
Bayfront Med Ctr-FL,Bayfront Med Ctr,NOT,St Petersburg,St Petersburg,Obstetrics-Gynecology,Obstetrics-Gynecology,1911220C0,4,4,4,4,4,4,4,4,4,4
Borinquen Health Care Ctr-FL,Borinquen Health Care Ctr,NOT,Miami,Miami,Family Medicine,Family Medicine,2254120C0,4,4,4,4,4,4,4,4,4,4
Broward Health Med Ctr-FL,Broward Health Med Ctr,SNHAF,Fort Lauderdale,Fort Lauderdale,Dermatology,Dermatology,1892080A0,3,3,3,3,3,3,3,3,3,3
Broward Health Med Ctr-FL,Broward Health Med Ctr,SNHAF,Fort Lauderdale,Fort Lauderdale,Emergency Medicine,Emergency Medicine,1892110C0,15,12,13,7,13,8,13,13,0,0
Broward Health Med Ctr-FL,Broward Health Med Ctr,SNHAF,Fort Lauderdale,Fort Lauderdale,Family Medicine,Family Medicine,1892120C0,7,6,5,5,5,5,5,5,5,5
Broward Health Med Ctr-FL,Broward Health Med Ctr,SNHAF,Fort Lauderdale,Fort Lauderdale,Internal Medicine,Internal Medicine,1892140C0,18,18,16,16,16,12,16,16,16,16
Broward Health Med Ctr-FL,Broward Health Med Ctr,SNHAF,Fort Lauderdale,Fort Lauderdale,Internal Med/North Program,Internal Medicine,1892140C1,15,15,15,15,15,15,15,15,0,0
Broward Health Med Ctr-FL,Broward Health Med Ctr,SNHAF,Fort Lauderdale,Fort Lauderdale,Orthopaedic Surgery,Orthopaedic Surgery,1892260C0,3,3,3,3,3,3,3,3,3,3
Broward Health Med Ctr-FL,Broward Health Med Ctr,SNHAF,Fort Lauderdale,Fort Lauderdale,Pediatrics,Pediatrics,1892320C0,9,3,8,6,8,8,8,8,8,8
Broward Health Med Ctr-FL,Broward Health Med Ctr,SNHAF,Fort Lauderdale,Fort Lauderdale,Phys Medicine & Rehab,Physical Medicine & Rehabilitation,1892340A0,4,4,0,0,0,0,0,0,0,0
Broward Health Med Ctr-FL,Broward Health Med Ctr,SNHAF,Fort Lauderdale,Fort Lauderdale,Phys Medicine & Rehab,Physical Medicine & Rehabilitation,1892340R0,4,4,0,0,0,0,0,0,0,0
Broward Health Med Ctr-FL,Broward Health Med Ctr,SNHAF,Fort Lauderdale,Fort Lauderdale,Psychiatry,Psychiatry,1892400C0,5,5,5,5,5,5,0,0,0,0
Broward Health Med Ctr-FL,Broward Health Med Ctr,SNHAF,Fort Lauderdale,Fort Lauderdale,General Surgery,General Surgery,1892440C0,6,6,6,6,6,6,6,6,6,6
Broward Health Med Ctr-FL,Broward Health Med Ctr,SNHAF,Fort Lauderdale,Fort Lauderdale,Transitional,Transitional,1892999P0,0,0,4,4,4,4,4,4,4,4
Broward Health Med Ctr-FL,Broward Health Med Ctr,SNHAF,Fort Lauderdale,Fort Lauderdale,Transitional/North Program,Transitional,1892999P1,16,16,16,16,16,16,0,0,0,0
Centerstone-FL,Centerstone,NOT,Bradenton,Bradenton,Psychiatry,Psychiatry,2242400C0,4,4,4,4,5,5,4,4,4,4
Citrus Health Network-FL,Citrus Health Network,NOT,Hialeah,Hialeah,Psychiatry,Psychiatry,1864400C0,4,4,4,4,4,4,4,4,4,4
Cleveland Clinic Florida,Cleveland Clinic Florida,NOT,Weston,Weston,Anesthesiology,Anesthesiology,1383040C0,5,5,5,5,5,5,5,5,5,5
Cleveland Clinic Florida,Cleveland Clinic Florida,NOT,Weston,Weston,Internal Medicine,Internal Medicine,1383140C0,9,9,9,9,9,9,9,9,9,9
Cleveland Clinic Florida,Cleveland Clinic Florida,NOT,Weston,Weston,Med-Prelim/Neurology,Medicine-Preliminary,1383140P0,2,2,2,2,2,2,2,2,2,2
Cleveland Clinic Florida,Cleveland Clinic Florida,NOT,Weston,Weston,Medicine-Preliminary,Medicine-Preliminary,1383140P1,2,2,2,2,2,2,2,0,2,2
Cleveland Clinic Florida,Cleveland Clinic Florida,NOT,Weston,Weston,Neurology,Neurology,1383180A0,2,2,2,2,2,2,2,2,2,2
Cleveland Clinic Florida,Cleveland Clinic Florida,NOT,Weston,Weston,Neurology,Neurology,1383180R0,0,0,2,1,0,0,0,0,0,0
Cleveland Clinic Florida,Cleveland Clinic Florida,NOT,Weston,Weston,General Surgery,General Surgery,1383440C0,4,4,4,4,3,3,3,3,3,3
Cleveland Clinic Florida,Cleveland Clinic Florida,NOT,Weston,Weston,Surgery-Preliminary,Surgery-Preliminary,1383440P0,2,2,0,0,3,3,4,4,3,3
Community Health of South Florida,Community Health of South Florida,NOT,Miami,Miami,Family Medicine,Family Medicine,2194120C0,5,5,4,4,6,6,4,4,4,4
Community Health of South Florida,Community Health of South Florida,NOT,Miami,Miami,Psychiatry,Psychiatry,2194400C0,4,4,5,5,5,5,2,2,4,4
FAU-Schmidt COM-FL,FAU-Schmidt COM,NOT,Boca Raton,Boca Raton,Emergency Medicine,Emergency Medicine,1586110C0,6,6,7,7,6,6,6,6,6,6
FAU-Schmidt COM-FL,FAU-Schmidt COM,NOT,Boca Raton,Boca Raton,Internal Medicine,Internal Medicine,1586140C0,24,24,24,24,24,24,24,24,24,24
FAU-Schmidt COM-FL,FAU-Schmidt COM,NOT,Boca Raton,Boca Raton,Medicine-Preliminary,Medicine-Preliminary,1586140P0,0,0,3,3,2,2,3,2,3,1
FAU-Schmidt COM-FL,FAU-Schmidt COM,NOT,Boca Raton,Boca Raton,Neurology,Neurology,1586180C0,3,3,3,3,3,3,3,3,3,3
FAU-Schmidt COM-FL,FAU-Schmidt COM,NOT,Boca Raton,Boca Raton,Psychiatry,Psychiatry,1586400C0,4,4,4,4,4,4,4,4,4,4
FAU-Schmidt COM-FL,FAU-Schmidt COM,NOT,Boca Raton,Boca Raton,General Surgery,General Surgery,1586440C0,7,7,7,7,6,6,6,6,6,6
FAU-Schmidt COM-FL,FAU-Schmidt COM,NOT,Boca Raton,Boca Raton,Surgery-Preliminary,Surgery-Preliminary,1586440P0,5,1,5,2,5,1,5,1,5,1
FIU Herbert Wertheim COM-FL,FIU Herbert Wertheim COM,NOT,Miami,Miami,Medicine-Primary,Medicine-Primary,2317140M0,6,6,6,4,6,6,0,0,0,0
Florida State University COM,Florida State University COM,SNHAF,Tallahassee,Sarasota,Emergency Medicine/Sarasota,Emergency Medicine,1826110C0,9,9,9,9,9,9,9,9,9,9
Florida State University COM,Florida State University COM,SNHAF,Tallahassee,Fort Myers,Family Medicine/Lee Memorial,Family Medicine,1826120C0,9,9,9,9,8,8,8,8,8,8
Florida State University COM,Florida State University COM,SNHAF,Tallahassee,Winter Haven,Family Medicine/Winter Haven,Family Medicine,1826120C1,8,8,8,8,8,8,6,6,6,6
Florida State University COM,Florida State University COM,SNHAF,Tallahassee,Tallahassee,Internal Medicine/Tallahassee,Internal Medicine,1826140C0,10,8,10,10,8,8,8,8,7,7
Florida State University COM,Florida State University COM,SNHAF,Tallahassee,Sarasota,Internal Medicine/Sarasota,Internal Medicine,1826140C1,14,14,13,13,13,13,13,13,13,13
Florida State University COM,Florida State University COM,SNHAF,Tallahassee,Cape Coral,Internal Medicine/Cape Coral,Internal Medicine,1826140C2,12,12,12,12,12,12,0,0,0,0
Florida State University COM,Florida State University COM,SNHAF,Tallahassee,Tallahassee,Med-Prelim/Tallahassee,Medicine-Preliminary,1826140P0,2,1,1,1,2,2,2,2,2,1
Florida State University COM,Florida State University COM,SNHAF,Tallahassee,Tallahassee,General Surgery,General Surgery,1826440C0,2,2,2,2,2,2,2,2,2,2
Florida State University COM,Florida State University COM,SNHAF,Tallahassee,Tallahassee,Surgery-Preliminary,Surgery-Preliminary,1826440P0,2,0,2,0,2,0,2,0,2,1
Florida State University COM,Florida State University COM,SNHAF,Tallahassee,Tallahassee,Transitional,Transitional,1826999P0,13,13,0,0,0,0,0,0,0,0
Halifax Med Ctr-FL,Halifax Med Ctr,SNHAF,Daytona Beach,Daytona Beach,Family Medicine,Family Medicine,1629120C0,8,8,8,8,8,7,8,8,8,8
HCA Florida JFK Hosp-U Miami-FL,HCA Florida JFK Hosp-U Miami,NOT,Atlantis,Atlantis,Internal Medicine,Internal Medicine,1384140C0,19,6,19,19,19,12,19,19,19,19
HCA Florida JFK Hosp-U Miami-FL,HCA Florida JFK Hosp-U Miami,NOT,Atlantis,Atlantis,Orthopaedic Surgery,Orthopaedic Surgery,1384260C0,3,3,3,3,0,0,0,0,0,0
HCA Florida JFK Hosp-U Miami-FL,HCA Florida JFK Hosp-U Miami,NOT,Atlantis,Atlantis,General Surgery,General Surgery,1384440C0,3,3,3,3,3,3,3,3,3,3
HCA Florida JFK Hosp-U Miami-FL,HCA Florida JFK Hosp-U Miami,NOT,Atlantis,Atlantis,Surgery-Preliminary,Surgery-Preliminary,1384440P0,1,1,0,0,1,1,1,1,1,0
HCA Florida Orange Park Hosp,HCA Florida Orange Park Hosp,NOT,Orange Park,Orange Park,Dermatology,Dermatology,1771080A0,3,3,3,3,3,3,3,3,3,3
HCA Florida Orange Park Hosp,HCA Florida Orange Park Hosp,NOT,Orange Park,Orange Park,Emergency Medicine,Emergency Medicine,1771110C0,12,12,12,11,12,2,12,12,12,12
HCA Florida Orange Park Hosp,HCA Florida Orange Park Hosp,NOT,Orange Park,Orange Park,Family Medicine,Family Medicine,1771120C0,5,5,6,6,6,4,6,3,6,5
HCA Florida Orange Park Hosp,HCA Florida Orange Park Hosp,NOT,Orange Park,Orange Park,Internal Medicine,Internal Medicine,1771140C0,13,13,13,6,13,3,13,1,13,3
HCA Florida Orange Park Hosp,HCA Florida Orange Park Hosp,NOT,Orange Park,Orange Park,Psychiatry,Psychiatry,1771400C0,4,4,4,4,4,4,4,4,4,4
HCA Florida Orange Park Hosp,HCA Florida Orange Park Hosp,NOT,Orange Park,Orange Park,General Surgery,General Surgery,1771440C0,3,3,3,3,3,3,3,3,3,3
HCA Florida Orange Park Hosp,HCA Florida Orange Park Hosp,NOT,Orange Park,Orange Park,Transitional,Transitional,1771999P0,13,13,14,14,14,10,14,7,14,14
HCA Healthcare East FL Division GME,HCA Healthcare East FL Division GME,NOT,Margate,Tamiami,Anesthesiology/Kendall,Anesthesiology,2232040A0,6,6,6,6,6,6,0,0,0,0
HCA Healthcare East FL Division GME,HCA Healthcare East FL Division GME,NOT,Margate,Plantation,Anesthesiology/Westside,Anesthesiology,2232040C0,6,6,6,6,6,6,6,6,0,0
HCA Healthcare East FL Division GME,HCA Healthcare East FL Division GME,NOT,Margate,Plantation,Anesthesiology/Westside,Anesthesiology,2232040R0,1,1,0,0,0,0,6,6,0,0
HCA Healthcare East FL Division GME,HCA Healthcare East FL Division GME,NOT,Margate,Aventura,Emergency Medicine/Aventura,Emergency Medicine,2232110C0,12,10,12,4,12,11,0,0,0,0
HCA Healthcare East FL Division GME,HCA Healthcare East FL Division GME,NOT,Margate,St. Lucie,Emergency Medicine/St Lucie,Emergency Medicine,2232110C1,6,6,5,1,6,0,0,0,0,0
HCA Healthcare East FL Division GME,HCA Healthcare East FL Division GME,NOT,Margate,Tamiami,Emergency Medicine/Kendall,Emergency Medicine,2232110C2,12,12,12,12,12,10,0,0,0,0
HCA Healthcare East FL Division GME,HCA Healthcare East FL Division GME,NOT,Margate,Plantation,Emergency Medicine/Westside,Emergency Medicine,2232110C3,13,13,13,5,13,6,0,0,0,0
HCA Healthcare East FL Division GME,HCA Healthcare East FL Division GME,NOT,Margate,St. Lucie,Family Medicine/St Lucie,Family Medicine,2232120C0,6,2,5,5,6,5,0,0,0,0
HCA Healthcare East FL Division GME,HCA Healthcare East FL Division GME,NOT,Margate,Plantation,Internal Medicine/Westside,Internal Medicine,2232140C0,24,20,15,14,15,2,15,6,15,7
HCA Healthcare East FL Division GME,HCA Healthcare East FL Division GME,NOT,Margate,Aventura,Internal Medicine/Aventura,Internal Medicine,2232140C1,15,15,15,15,15,8,0,0,0,0
HCA Healthcare East FL Division GME,HCA Healthcare East FL Division GME,NOT,Margate,Tamiami,Internal Medicine/Kendall,Internal Medicine,2232140C2,13,9,14,9,14,14,0,0,0,0
HCA Healthcare East FL Division GME,HCA Healthcare East FL Division GME,NOT,Margate,Lawnwood,Internal Medicine/Lawnwood,Internal Medicine,2232140C3,15,15,15,15,0,0,0,0,0,0
HCA Healthcare East FL Division GME,HCA Healthcare East FL Division GME,NOT,Margate,Plantation,Neurology/Westside,Neurology,2232180C0,4,3,4,3,0,0,0,0,0,0
HCA Healthcare East FL Division GME,HCA Healthcare East FL Division GME,NOT,Margate,Plantation,Obstetrics-Gynecology/Westside,Obstetrics-Gynecology,2232220C0,4,4,4,4,4,4,0,0,0,0
HCA Healthcare East FL Division GME,HCA Healthcare East FL Division GME,NOT,Margate,Plantation,Pathology/Westside,Pathology,2232300C0,2,2,2,2,2,1,0,0,0,0
HCA Healthcare East FL Division GME,HCA Healthcare East FL Division GME,NOT,Margate,Loxahatchee,Pediatrics/Palms West,Pediatrics,2232320C0,6,2,6,3,6,2,0,0,0,0
HCA Healthcare East FL Division GME,HCA Healthcare East FL Division GME,NOT,Margate,Bay Pines,Psychiatry/Aventura,Psychiatry,2232400C0,5,5,5,5,5,5,0,0,0,0
HCA Healthcare East FL Division GME,HCA Healthcare East FL Division GME,NOT,Margate,University,Psychiatry/University,Psychiatry,2232400C1,6,6,8,8,8,8,0,0,0,0
HCA Healthcare East FL Division GME,HCA Healthcare East FL Division GME,NOT,Margate,Aventura,Radiology-Diagnostic/Aventura,Radiology-Diagnostic,2232420C0,7,7,5,5,5,5,0,0,0,0
HCA Healthcare East FL Division GME,HCA Healthcare East FL Division GME,NOT,Margate,Aventura,Radiology-Diagnostic/Aventura,Radiology-Diagnostic,2232420R0,2,2,0,0,0,0,0,0,0,0
HCA Healthcare East FL Division GME,HCA Healthcare East FL Division GME,NOT,Margate,Plantation,General Surgery/Westside,General Surgery,2232440C0,4,4,4,4,4,4,4,4,4,4
HCA Healthcare East FL Division GME,HCA Healthcare East FL Division GME,NOT,Margate,Tamiami,General Surgery/Kendall,General Surgery,2232440C1,6,6,5,5,5,5,0,0,0,0
HCA Healthcare East FL Division GME,HCA Healthcare East FL Division GME,NOT,Margate,Lawnwood,General Surgery/Lawnwood,General Surgery,2232440C2,3,3,3,3,0,0,0,0,0,0
HCA Healthcare East FL Division GME,HCA Healthcare East FL Division GME,NOT,Margate,Tamiami,Surgery-Preliminary/Kendall,Surgery-Preliminary,2232440P0,5,0,5,0,4,0,0,0,0,0
HCA Healthcare East FL Division GME,HCA Healthcare East FL Division GME,NOT,Margate,Tamiami,Surg-Prelim/Anesthesiology-Kendall,Surgery-Preliminary,2232440P1,1,1,1,0,1,1,0,0,0,0
HCA Healthcare East FL Division GME,HCA Healthcare East FL Division GME,NOT,Margate,Aventura,Transitional/Aventura,Transitional,2232999P0,6,6,8,8,8,8,0,0,0,0
HCA Healthcare East FL Division GME,HCA Healthcare East FL Division GME,NOT,Margate,Kendall,Transitional/Kendall,Transitional,2232999P1,8,3,8,7,8,8,0,0,0,0
HCA Healthcare East FL Division GME,HCA Healthcare East FL Division GME,NOT,Margate,Tamiami,Transitional/Anesthesiology-Kendall,Transitional,2232999P2,5,4,5,5,5,5,0,0,0,0
HCA Healthcare East FL Division GME,HCA Healthcare East FL Division GME,NOT,Margate,Plantation,Transitional/Westside,Transitional,2232999P3,15,3,15,11,15,4,0,0,0,0
HCA Healthcare/JFK Med Center-UMiami-FL,HCA Healthcare/JFK Med Center-UMiami,NOT,Atlantis,Atlantis,Medicine-Preliminary,Medicine-Preliminary,1384140P0,0,0,0,0,0,0,2,2,3,3
HCA Healthcare/USF Morsani-Bayonet Pt-FL,HCA Healthcare/USF Morsani-Bayonet Pt,NOT,Hudson,Hudson,Internal Medicine,Internal Medicine,2137140C0,20,10,20,8,20,5,20,4,20,15
HCA Healthcare/USF Morsani-Bayonet Pt-FL,HCA Healthcare/USF Morsani-Bayonet Pt,NOT,Hudson,Hudson,General Surgery,General Surgery,2137440C0,3,3,3,3,3,3,3,3,3,3
HCA Healthcare/USF Morsani-Bayonet Pt-FL,HCA Healthcare/USF Morsani-Bayonet Pt,NOT,Hudson,Hudson,Surgery-Preliminary,Surgery-Preliminary,2137440P0,3,0,0,0,3,0,3,0,3,0
HCA Healthcare/USF Morsani-Bayonet Pt-FL,HCA Healthcare/USF Morsani-Bayonet Pt,NOT,Hudson,Hudson,Transitional,Transitional,2137999P0,11,11,11,8,11,2,11,2,13,5
HCA Healthcare/USF Morsani-Bayonet Pt-FL,HCA Healthcare/USF Morsani-Bayonet Pt,NOT,Hudson,Hudson,Transitional/Ophthalmology,Transitional,2137999P1,0,0,2,1,2,1,2,2,0,0
HCA Healthcare/USF Morsani GME-Blake-FL,HCA Healthcare/USF Morsani GME-Blake,NOT,Bradenton,Bradenton,Internal Medicine,Internal Medicine,1899140C0,22,12,22,17,22,7,22,10,22,3
HCA Healthcare/USF Morsani GME-Blake-FL,HCA Healthcare/USF Morsani GME-Blake,NOT,Bradenton,Bradenton,Medicine-Preliminary,Medicine-Preliminary,1899140P0,5,3,5,0,6,0,6,0,6,0
HCA Healthcare/USF Morsani GME-Blake-FL,HCA Healthcare/USF Morsani GME-Blake,NOT,Bradenton,Bradenton,Phys Medicine & Rehab,Physical Medicine & Rehabilitation,1899340A0,2,2,0,0,0,0,0,0,0,0
HCA Healthcare/USF Morsani GME-Blake-FL,HCA Healthcare/USF Morsani GME-Blake,NOT,Bradenton,Bradenton,Phys Medicine & Rehab,Physical Medicine & Rehabilitation,1899340R0,2,2,0,0,0,0,0,0,0,0
HCA Healthcare/USF Morsani GME-Blake-FL,HCA Healthcare/USF Morsani GME-Blake,NOT,Bradenton,Bradenton,Transitional,Transitional,1899999P0,13,12,9,9,10,10,13,13,13,7
HCA Healthcare/USF Morsani GME-Brandon-FL,HCA Healthcare/USF Morsani GME-Brandon,NOT,Brandon,Brandon,Emergency Medicine,Emergency Medicine,1772110C0,12,8,12,4,15,11,15,15,15,15
HCA Healthcare/USF Morsani GME-Brandon-FL,HCA Healthcare/USF Morsani GME-Brandon,NOT,Brandon,Brandon,Internal Medicine,Internal Medicine,1772140C0,20,5,20,12,15,8,20,12,20,6
HCA Healthcare/USF Morsani GME-Brandon-FL,HCA Healthcare/USF Morsani GME-Brandon,NOT,Brandon,Brandon,Obstetrics-Gynecology,Obstetrics-Gynecology,1772220C0,5,5,5,5,5,5,5,5,5,5
HCA Healthcare/USF Morsani GME-Brandon-FL,HCA Healthcare/USF Morsani GME-Brandon,NOT,Brandon,Brandon,Pathology,Pathology,1772300C0,2,1,2,2,2,2,2,2,2,1
HCA Healthcare/USF Morsani GME-Brandon-FL,HCA Healthcare/USF Morsani GME-Brandon,NOT,Brandon,Brandon,General Surgery,General Surgery,1772440C0,3,3,4,4,4,4,4,4,4,4
HCA Healthcare/USF Morsani GME-Brandon-FL,HCA Healthcare/USF Morsani GME-Brandon,NOT,Brandon,Brandon,Surgery-Preliminary,Surgery-Preliminary,1772440P0,4,2,4,1,4,0,4,0,4,1
HCA Healthcare/USF Morsani GME-Brandon-FL,HCA Healthcare/USF Morsani GME-Brandon,NOT,Brandon,Brandon,Transitional,Transitional,1772999P0,11,4,11,7,11,11,13,13,13,13
HCA Healthcare/USF Morsani GME-Citrus-FL,HCA Healthcare/USF Morsani GME-Citrus,NOT,Inverness,Inverness,Internal Medicine,Internal Medicine,2195140C0,20,8,22,5,15,2,15,2,15,1
HCA Healthcare/USF Morsani GME-Citrus-FL,HCA Healthcare/USF Morsani GME-Citrus,NOT,Inverness,Inverness,Medicine-Preliminary,Medicine-Preliminary,2195140P0,0,0,5,0,5,0,5,1,5,1
HCA Healthcare/USF Morsani GME-Citrus-FL,HCA Healthcare/USF Morsani GME-Citrus,NOT,Inverness,Inverness,Transitional,Transitional,2195999P0,8,4,0,0,0,0,0,0,0,0
HCA Healthcare/USF Morsani GME-Largo-FL,HCA Healthcare/USF Morsani GME-Largo,NOT,Largo,Largo,Dermatology,Dermatology,1981080A0,3,3,3,3,3,3,3,3,3,3
HCA Healthcare/USF Morsani GME-Largo-FL,HCA Healthcare/USF Morsani GME-Largo,NOT,Largo,Largo,Internal Medicine,Internal Medicine,1981140C0,21,12,22,20,13,13,23,21,23,13
HCA Healthcare/USF Morsani GME-Largo-FL,HCA Healthcare/USF Morsani GME-Largo,NOT,Largo,Largo,Orthopaedic Surgery,Orthopaedic Surgery,1981260C0,2,2,2,2,2,2,2,2,2,2
HCA Healthcare/USF Morsani GME-Largo-FL,HCA Healthcare/USF Morsani GME-Largo,NOT,Largo,Largo,Psychiatry,Psychiatry,1981400C0,5,5,4,4,4,4,4,4,4,1
HCA Healthcare/USF Morsani GME-Largo-FL,HCA Healthcare/USF Morsani GME-Largo,NOT,Largo,Largo,Transitional,Transitional,1981999P0,7,7,2,2,8,4,7,0,7,5
HCA Healthcare/USF Morsani GME-Largo-FL,HCA Healthcare/USF Morsani GME-Largo,NOT,Largo,Largo,Transitional/Dermatology,Transitional,1981999P1,3,3,3,3,3,3,3,3,3,3
HCA Healthcare/USF Morsani GME-Oak Hill-FL,HCA Healthcare/USF Morsani GME-Oak Hill,NOT,Brooksville,Brooksville,Anesthesiology,Anesthesiology,1662040A0,0,0,6,6,6,6,6,6,6,6
HCA Healthcare/USF Morsani GME-Oak Hill-FL,HCA Healthcare/USF Morsani GME-Oak Hill,NOT,Brooksville,Brooksville,Anesthesiology,Anesthesiology,1662040R1,0,0,0,0,2,2,0,0,0,0
HCA Healthcare/USF Morsani GME-Oak Hill-FL,HCA Healthcare/USF Morsani GME-Oak Hill,NOT,Brooksville,Brooksville,Emergency Medicine,Emergency Medicine,1662110C0,6,6,6,1,6,4,6,6,6,6
HCA Healthcare/USF Morsani GME-Oak Hill-FL,HCA Healthcare/USF Morsani GME-Oak Hill,NOT,Brooksville,Brooksville,Family Medicine,Family Medicine,1662120C0,8,6,8,8,8,5,8,4,8,4
HCA Healthcare/USF Morsani GME-Oak Hill-FL,HCA Healthcare/USF Morsani GME-Oak Hill,NOT,Brooksville,Brooksville,Internal Medicine,Internal Medicine,1662140C0,23,1,23,3,20,1,20,0,20,2
HCA Healthcare/USF Morsani GME-Oak Hill-FL,HCA Healthcare/USF Morsani GME-Oak Hill,NOT,Brooksville,Brooksville,Medicine-Preliminary,Medicine-Preliminary,1662140P0,5,0,0,0,5,0,0,0,5,1
HCA Healthcare/USF Morsani GME-Oak Hill-FL,HCA Healthcare/USF Morsani GME-Oak Hill,NOT,Brooksville,Brooksville,Transitional,Transitional,1662999P0,10,3,4,3,10,4,7,3,5,5
HCA Healthcare/USF Morsani GME-Oak Hill-FL,HCA Healthcare/USF Morsani GME-Oak Hill,NOT,Brooksville,Brooksville,Transitional/Anesthesiology,Transitional,1662999P1,0,0,6,3,0,0,3,3,5,5
HCA Healthcare/USF Morsani GME-Sarasota-FL,HCA Healthcare/USF Morsani GME-Sarasota,NOT,Sarasota,Sarasota,Internal Medicine,Internal Medicine,2392140C0,12,3,0,0,0,0,0,0,0,0
HCA Healthcare/USF Morsani GME-St Pete-FL,HCA Healthcare/USF Morsani GME-St Pete,NOT,St. Petersburg,St. Petersburg,Family Medicine,Family Medicine,2196120C0,4,4,10,7,10,10,9,9,10,4
HCA Healthcare/USF Morsani GME-St Pete-FL,HCA Healthcare/USF Morsani GME-St Pete,NOT,St. Petersburg,St. Petersburg,Transitional,Transitional,2196999P0,0,0,9,9,9,8,9,7,8,6
HCA Healthcare/USF Morsani GME-Trinity-FL,HCA Healthcare/USF Morsani GME-Trinity,NOT,Trinity,Trinity,Internal Medicine,Internal Medicine,2235140C0,20,11,20,4,20,4,15,5,15,6
HCA Healthcare/USF Morsani GME-Trinity-FL,HCA Healthcare/USF Morsani GME-Trinity,NOT,Trinity,Trinity,Medicine-Preliminary,Medicine-Preliminary,2235140P0,0,0,0,0,0,0,5,2,5,0
HCA Healthcare/USF Morsani GME-Trinity-FL,HCA Healthcare/USF Morsani GME-Trinity,NOT,Trinity,Trinity,Radiology-Diagnostic,Radiology-Diagnostic,2235420A0,4,4,6,6,6,6,6,6,0,0
HCA Healthcare/USF Morsani GME-Trinity-FL,HCA Healthcare/USF Morsani GME-Trinity,NOT,Trinity,Trinity,Radiology-Diagnostic,Radiology-Diagnostic,2235420R0,0,0,0,0,0,0,6,4,0,0
HCA Healthcare/USF Morsani GME-Trinity-FL,HCA Healthcare/USF Morsani GME-Trinity,NOT,Trinity,Trinity,Transitional,Transitional,2235999P0,9,6,4,4,8,1,0,0,0,0
HCA Healthcare/USF Morsani GME-Trinity-FL,HCA Healthcare/USF Morsani GME-Trinity,NOT,Trinity,Trinity,Transitional/Radiology,Transitional,2235999P1,0,0,6,0,2,2,0,0,0,0
HCA Healthcare/USF Morsani-Northside-FL,HCA Healthcare/USF Morsani-Northside,NOT,St. Petersburg,St. Petersburg,Internal Medicine,Internal Medicine,2107140C0,6,6,10,8,10,3,10,7,10,3
Johns Hopkins All Childrens Hosp-FL,Johns Hopkins All Childrens Hosp,SNHAF,St. Petersburg,St. Petersburg,Child Neurology,Child Neurology,1589185C0,1,1,0,0,0,0,0,0,0,0
Johns Hopkins All Childrens Hosp-FL,Johns Hopkins All Childrens Hosp,SNHAF,St. Petersburg,St. Petersburg,Pediatrics,Pediatrics,1589320C0,12,8,12,12,12,12,12,12,12,12
Kendall Regional Med Ctr-FL,Kendall Regional Med Ctr,NOT,Miami,Miami,Anesthesiology,Anesthesiology,1697040A0,0,0,0,0,0,0,6,6,6,6
Kendall Regional Med Ctr-FL,Kendall Regional Med Ctr,NOT,Miami,Miami,Emergency Medicine,Emergency Medicine,1697110C0,0,0,0,0,0,0,12,12,12,12
Kendall Regional Med Ctr-FL,Kendall Regional Med Ctr,NOT,Miami,Miami,Internal Medicine,Internal Medicine,1697140C0,0,0,0,0,0,0,14,14,14,14
Kendall Regional Med Ctr-FL,Kendall Regional Med Ctr,NOT,Miami,Miami,General Surgery,General Surgery,1697440C0,0,0,0,0,0,0,5,5,5,5
Kendall Regional Med Ctr-FL,Kendall Regional Med Ctr,NOT,Miami,Miami,Surgery-Preliminary,Surgery-Preliminary,1697440P0,0,0,0,0,0,0,4,0,4,1
Kendall Regional Med Ctr-FL,Kendall Regional Med Ctr,NOT,Miami,Miami,Surg-Prelim/Anesthesiology,Surgery-Preliminary,1697440P1,0,0,0,0,0,0,2,1,2,0
Kendall Regional Med Ctr-FL,Kendall Regional Med Ctr,NOT,Miami,Miami,Transitional,Transitional,1697999P0,0,0,0,0,0,0,8,5,8,2
Kendall Regional Med Ctr-FL,Kendall Regional Med Ctr,NOT,Miami,Miami,Transitional/Anesthesiology,Transitional,1697999P1,0,0,0,0,0,0,5,5,5,3
Keralty Hospital-FL,Keralty Hospital,NOT,Miami,Miami,Family Medicine,Family Medicine,2342120C0,6,6,6,6,0,0,0,0,0,0
Lakeland Regional Health-FL,Lakeland Regional Health,NOT,Lakeland,Lakeland,Emergency Medicine,Emergency Medicine,2323110C0,15,15,15,15,0,0,0,0,0,0
Lakeland Regional Health-FL,Lakeland Regional Health,NOT,Lakeland,Lakeland,Family Medicine,Family Medicine,2323120C0,8,5,8,7,0,0,0,0,0,0
Lakeland Regional Health-FL,Lakeland Regional Health,NOT,Lakeland,Lakeland,Internal Medicine,Internal Medicine,2323140C0,20,20,20,20,0,0,0,0,0,0
Lakeland Regional Health-FL,Lakeland Regional Health,NOT,Lakeland,Lakeland,Psychiatry,Psychiatry,2323400C0,4,4,4,4,0,0,0,0,0,0
Lakeland Regional Health-FL,Lakeland Regional Health,NOT,Lakeland,Lakeland,General Surgery,General Surgery,2323440C0,4,4,4,4,0,0,0,0,0,0
Lakeland Regional Health-FL,Lakeland Regional Health,NOT,Lakeland,Lakeland,Transitional,Transitional,2323999P0,18,4,18,4,0,0,0,0,0,0
Lakeside Med Ctr-FL,Lakeside Med Ctr,NOT,Belle Glade,Belle Glade,Family Medicine,Family Medicine,2282120C0,5,4,5,5,5,5,5,2,0,0
Larkin Community Hospital-FL,Larkin Community Hospital,NOT,South Miami,South Miami,Anesthesiology,Anesthesiology,1481040C0,0,0,0,0,4,4,4,4,0,0
Larkin Community Hospital-FL,Larkin Community Hospital,NOT,South Miami,South Miami,Anesthesiology,Anesthesiology,1481040R0,0,0,0,0,0,0,1,1,0,0
Larkin Community Hospital-FL,Larkin Community Hospital,NOT,South Miami,South Miami,Dermatology,Dermatology,1481080A0,4,4,4,1,5,3,4,2,5,4
Larkin Community Hospital-FL,Larkin Community Hospital,NOT,South Miami,South Miami,Dermatology,Dermatology,1481080R0,4,4,2,2,3,3,1,1,2,2
Larkin Community Hospital-FL,Larkin Community Hospital,NOT,South Miami,South Miami,Family Medicine,Family Medicine,1481120C0,9,9,8,8,9,9,5,5,9,8
Larkin Community Hospital-FL,Larkin Community Hospital,NOT,South Miami,South Miami,Internal Medicine,Internal Medicine,1481140C0,10,10,10,10,6,6,2,2,6,6
Larkin Community Hospital-FL,Larkin Community Hospital,NOT,South Miami,South Miami,Neurology,Neurology,1481180C0,5,5,4,4,4,3,4,4,4,4
Larkin Community Hospital-FL,Larkin Community Hospital,NOT,South Miami,South Miami,Neurology,Neurology,1481180R0,0,0,0,0,0,0,0,0,1,0
Larkin Community Hospital-FL,Larkin Community Hospital,NOT,South Miami,South Miami,Orthopaedic Surgery,Orthopaedic Surgery,1481260C0,4,4,4,4,4,4,4,4,0,0
Larkin Community Hospital-FL,Larkin Community Hospital,NOT,South Miami,South Miami,Phys Medicine & Rehab,Physical Medicine & Rehabilitation,1481340A0,8,8,8,8,7,7,7,7,8,8
Larkin Community Hospital-FL,Larkin Community Hospital,NOT,South Miami,South Miami,Phys Medicine & Rehab,Physical Medicine & Rehabilitation,1481340R0,0,0,0,0,0,0,0,0,6,6
Larkin Community Hospital-FL,Larkin Community Hospital,NOT,South Miami,South Miami,Psychiatry,Psychiatry,1481400C0,16,15,14,14,10,10,13,13,12,12
Larkin Community Hospital-FL,Larkin Community Hospital,NOT,South Miami,South Miami,Radiology-Diagnostic,Radiology-Diagnostic,1481420A0,5,4,5,5,4,4,4,4,4,3
Larkin Community Hospital-FL,Larkin Community Hospital,NOT,South Miami,South Miami,General Surgery,General Surgery,1481440C0,2,2,2,2,2,2,2,2,2,2
Larkin Comm Hosp Palm Springs Campus-FL,Larkin Comm Hosp Palm Springs Campus,NOT,Hialeah,Hialeah,Dermatology,Dermatology,2238080A0,4,4,4,4,3,3,3,3,3,3
Larkin Comm Hosp Palm Springs Campus-FL,Larkin Comm Hosp Palm Springs Campus,NOT,Hialeah,Hialeah,Dermatology,Dermatology,2238080R0,0,0,1,1,0,0,0,0,0,0
Larkin Comm Hosp Palm Springs Campus-FL,Larkin Comm Hosp Palm Springs Campus,NOT,Hialeah,Hialeah,Family Medicine,Family Medicine,2238120C0,9,9,13,13,8,8,6,6,5,5
Larkin Comm Hosp Palm Springs Campus-FL,Larkin Comm Hosp Palm Springs Campus,NOT,Hialeah,Hialeah,Internal Medicine,Internal Medicine,2238140C0,8,8,6,6,7,7,6,6,4,4
Larkin Comm Hosp Palm Springs Campus-FL,Larkin Comm Hosp Palm Springs Campus,NOT,Hialeah,Hialeah,Neurology,Neurology,2238180C0,4,4,4,4,4,4,0,0,0,0
Larkin Comm Hosp Palm Springs Campus-FL,Larkin Comm Hosp Palm Springs Campus,NOT,Hialeah,Hialeah,Osteo Neuromusculo Med,Osteopathic Neuromusculoskeletal Medicine,2238275R0,6,0,6,3,6,4,1,0,0,0
Larkin Comm Hosp Palm Springs Campus-FL,Larkin Comm Hosp Palm Springs Campus,NOT,Hialeah,Hialeah,Phys Medicine & Rehab,Physical Medicine & Rehabilitation,2238340A0,6,6,0,0,0,0,0,0,0,0
Larkin Comm Hosp Palm Springs Campus-FL,Larkin Comm Hosp Palm Springs Campus,NOT,Hialeah,Hialeah,Phys Medicine & Rehab,Physical Medicine & Rehabilitation,2238340C0,0,0,4,4,8,8,0,0,0,0
Larkin Comm Hosp Palm Springs Campus-FL,Larkin Comm Hosp Palm Springs Campus,NOT,Hialeah,Hialeah,Phys Medicine & Rehab,Physical Medicine & Rehabilitation,2238340R0,2,2,0,0,0,0,0,0,0,0
Larkin Comm Hosp Palm Springs Campus-FL,Larkin Comm Hosp Palm Springs Campus,NOT,Hialeah,Hialeah,Plastic Surgery (Integrated),Plastic Surgery,2238362C0,2,2,2,2,3,3,3,3,0,0
Manatee Memorial Hosp-FL,Manatee Memorial Hosp,NOT,Bradenton,Bradenton,Family Medicine,Family Medicine,2109120C0,4,4,4,4,4,4,4,4,4,2
Manatee Memorial Hosp-FL,Manatee Memorial Hosp,NOT,Bradenton,Bradenton,Internal Medicine,Internal Medicine,2109140C0,10,10,11,5,12,12,10,10,9,9
Mayo Clinic School of Grad Med Educ-FL,Mayo Clinic School of Grad Med Educ,NOT,Jacksonville,Jacksonville,Anesthesiology,Anesthesiology,1032040C0,6,6,6,6,6,6,4,4,4,4
Mayo Clinic School of Grad Med Educ-FL,Mayo Clinic School of Grad Med Educ,NOT,Jacksonville,Jacksonville,Dermatology,Dermatology,1032080C0,2,2,2,2,2,2,2,2,2,2
Mayo Clinic School of Grad Med Educ-FL,Mayo Clinic School of Grad Med Educ,NOT,Jacksonville,Jacksonville,Family Medicine,Family Medicine,1032120C0,8,8,8,8,6,6,6,6,6,6
Mayo Clinic School of Grad Med Educ-FL,Mayo Clinic School of Grad Med Educ,NOT,Jacksonville,Jacksonville,Internal Medicine,Internal Medicine,1032140C0,16,16,16,16,14,14,13,13,13,10
Mayo Clinic School of Grad Med Educ-FL,Mayo Clinic School of Grad Med Educ,NOT,Jacksonville,Jacksonville,Neurological Surgery,Neurological Surgery,1032160C0,1,1,1,1,1,1,2,2,1,1
Mayo Clinic School of Grad Med Educ-FL,Mayo Clinic School of Grad Med Educ,NOT,Jacksonville,Jacksonville,Neurology,Neurology,1032180C0,6,6,6,6,6,6,6,6,4,4
Mayo Clinic School of Grad Med Educ-FL,Mayo Clinic School of Grad Med Educ,NOT,Jacksonville,Jacksonville,Neurology,Neurology,1032180R0,1,1,0,0,0,0,0,0,0,0
Mayo Clinic School of Grad Med Educ-FL,Mayo Clinic School of Grad Med Educ,NOT,Jacksonville,Jacksonville,Child Neurology,Child Neurology,1032185A0,2,2,2,2,2,2,2,2,2,2
Mayo Clinic School of Grad Med Educ-FL,Mayo Clinic School of Grad Med Educ,NOT,Jacksonville,Jacksonville,Child Neurology,Child Neurology,1032185R0,2,2,0,0,0,0,0,0,0,0
Mayo Clinic School of Grad Med Educ-FL,Mayo Clinic School of Grad Med Educ,NOT,Jacksonville,Jacksonville,Otolaryngology,Otolaryngology,1032280C0,2,2,2,2,0,0,0,0,0,0
Mayo Clinic School of Grad Med Educ-FL,Mayo Clinic School of Grad Med Educ,NOT,Jacksonville,Jacksonville,Phys Medicine & Rehab,Physical Medicine & Rehabilitation,1032340C0,2,2,0,0,0,0,0,0,0,0
Mayo Clinic School of Grad Med Educ-FL,Mayo Clinic School of Grad Med Educ,NOT,Jacksonville,Jacksonville,Plastic Surgery (Integrated),Plastic Surgery,1032362C0,1,1,1,1,0,0,0,0,0,0
Mayo Clinic School of Grad Med Educ-FL,Mayo Clinic School of Grad Med Educ,NOT,Jacksonville,Jacksonville,Interventional Radiology (Integ),Interventional Radiology,1032416C0,1,1,1,1,1,1,1,1,1,1
Mayo Clinic School of Grad Med Educ-FL,Mayo Clinic School of Grad Med Educ,NOT,Jacksonville,Jacksonville,Radiology-Diagnostic,Radiology-Diagnostic,1032420C0,6,6,5,5,5,5,5,5,5,5
Mayo Clinic School of Grad Med Educ-FL,Mayo Clinic School of Grad Med Educ,NOT,Jacksonville,Jacksonville,Radiology-Diagnostic,Radiology-Diagnostic,1032420R0,1,1,0,0,0,0,0,0,0,0
Mayo Clinic School of Grad Med Educ-FL,Mayo Clinic School of Grad Med Educ,NOT,Jacksonville,Jacksonville,Radiation Oncology,Radiation Oncology,1032430C0,1,1,1,0,1,1,1,1,1,1
Mayo Clinic School of Grad Med Educ-FL,Mayo Clinic School of Grad Med Educ,NOT,Jacksonville,Jacksonville,General Surgery,General Surgery,1032440C0,4,4,3,3,3,3,3,3,3,3
Mayo Clinic School of Grad Med Educ-FL,Mayo Clinic School of Grad Med Educ,NOT,Jacksonville,Jacksonville,Surgery-Preliminary,Surgery-Preliminary,1032440P0,2,2,2,2,2,2,2,2,1,1
Memorial Healthcare System-FL,Memorial Healthcare System,SNHAF,Pembroke Pines,Pembroke Pines,Anesthesiology,Anesthesiology,2085040C0,3,3,3,3,3,3,3,3,3,3
Memorial Healthcare System-FL,Memorial Healthcare System,SNHAF,Pembroke Pines,Pembroke Pines,Emergency Medicine,Emergency Medicine,2085110C0,10,10,10,10,10,10,10,10,0,0
Memorial Healthcare System-FL,Memorial Healthcare System,SNHAF,Pembroke Pines,Pembroke Pines,Internal Medicine,Internal Medicine,2085140C0,15,15,15,15,15,15,15,15,15,15
Memorial Healthcare System-FL,Memorial Healthcare System,SNHAF,Pembroke Pines,Pembroke Pines,Medicine-Preliminary,Medicine-Preliminary,2085140P0,4,4,4,4,4,4,4,4,4,2
Memorial Healthcare System-FL,Memorial Healthcare System,SNHAF,Pembroke Pines,Pembroke Pines,Neurology,Neurology,2085180C0,4,4,4,4,4,4,4,4,4,4
Memorial Healthcare System-FL,Memorial Healthcare System,SNHAF,Pembroke Pines,Pembroke Pines,Obstetrics-Gynecology,Obstetrics-Gynecology,2085220C0,4,4,4,4,4,4,4,4,4,4
Memorial Healthcare System-FL,Memorial Healthcare System,SNHAF,Pembroke Pines,Pembroke Pines,Pediatrics,Pediatrics,2085320C0,8,8,8,8,8,8,8,8,8,8
Memorial Healthcare System-FL,Memorial Healthcare System,SNHAF,Pembroke Pines,Pembroke Pines,Phys Medicine & Rehab,Physical Medicine & Rehabilitation,2085340C0,4,4,4,4,4,4,4,4,4,4
Memorial Healthcare System-FL,Memorial Healthcare System,SNHAF,Pembroke Pines,Pembroke Pines,Psychiatry,Psychiatry,2085400C0,4,4,4,4,4,4,4,4,4,4
Memorial Healthcare System-FL,Memorial Healthcare System,SNHAF,Pembroke Pines,Pembroke Pines,General Surgery,General Surgery,2085440C0,6,6,6,6,6,6,6,6,6,6
Memorial Healthcare System-FL,Memorial Healthcare System,SNHAF,Pembroke Pines,Pembroke Pines,Transitional,Transitional,2085999P0,6,6,3,3,20,20,0,0,0,0
Mt Sinai Med Ctr-Miami-FL,Mt Sinai Med Ctr-Miami,SNHAF,Miami Beach,Miami Beach,Anesthesiology,Anesthesiology,1105040A0,0,0,0,0,0,0,0,0,4,2
Mt Sinai Med Ctr-Miami-FL,Mt Sinai Med Ctr-Miami,SNHAF,Miami Beach,Miami Beach,Anesthesiology,Anesthesiology,1105040R0,6,6,6,6,6,3,4,3,0,0
Mt Sinai Med Ctr-Miami-FL,Mt Sinai Med Ctr-Miami,SNHAF,Miami Beach,Miami Beach,Emergency Medicine,Emergency Medicine,1105110C0,7,7,7,3,7,7,7,7,7,7
Mt Sinai Med Ctr-Miami-FL,Mt Sinai Med Ctr-Miami,SNHAF,Miami Beach,Miami Beach,Internal Medicine,Internal Medicine,1105140C0,17,17,17,17,17,17,16,16,17,17
Mt Sinai Med Ctr-Miami-FL,Mt Sinai Med Ctr-Miami,SNHAF,Miami Beach,Miami Beach,Medicine-Preliminary,Medicine-Preliminary,1105140P0,4,4,4,3,4,4,4,3,4,2
Mt Sinai Med Ctr-Miami-FL,Mt Sinai Med Ctr-Miami,SNHAF,Miami Beach,Miami Beach,Obstetrics-Gynecology,Obstetrics-Gynecology,1105220C0,3,3,3,3,3,3,3,3,3,3
Mt Sinai Med Ctr-Miami-FL,Mt Sinai Med Ctr-Miami,SNHAF,Miami Beach,Miami Beach,Pathology,Pathology,1105300C0,2,2,2,2,0,0,0,0,2,2
Mt Sinai Med Ctr-Miami-FL,Mt Sinai Med Ctr-Miami,SNHAF,Miami Beach,Miami Beach,Psychiatry,Psychiatry,1105400C0,3,3,3,3,3,3,3,3,3,3
Mt Sinai Med Ctr-Miami-FL,Mt Sinai Med Ctr-Miami,SNHAF,Miami Beach,Miami Beach,Radiology-Diagnostic,Radiology-Diagnostic,1105420A0,5,5,5,5,5,5,5,5,5,4
Mt Sinai Med Ctr-Miami-FL,Mt Sinai Med Ctr-Miami,SNHAF,Miami Beach,Miami Beach,General Surgery,General Surgery,1105440C0,3,3,3,3,3,3,3,3,3,3
Mt Sinai Med Ctr-Miami-FL,Mt Sinai Med Ctr-Miami,SNHAF,Miami Beach,Miami Beach,Surgery-Preliminary,Surgery-Preliminary,1105440P0,3,2,3,3,3,3,3,3,3,2
NCH Healthcare Sys-FL,NCH Healthcare Sys,NOT,Naples,Naples,Internal Medicine,Internal Medicine,1958140C0,16,16,15,15,16,16,16,16,12,12
NCH Healthcare Sys-FL,NCH Healthcare Sys,NOT,Naples,Naples,Transitional,Transitional,1958999P0,6,6,6,6,6,6,6,6,0,0
Nemours Childrens Hosp-FL,Nemours Childrens Hosp,NOT,Orlando,Orlando,Pediatrics,Pediatrics,2175320C0,16,16,12,12,12,12,12,12,12,10
Nova Southeastern University KPCOM-FL,Nova Southeastern University KPCOM,NOT,Clearwater,Clearwater,Family Medicine,Family Medicine,2256120C0,4,4,4,4,0,0,0,0,0,0
Nova Southeastern University KPCOM-FL,Nova Southeastern University KPCOM,NOT,Clearwater,Orlando,Psychiatry/Orlando,Psychiatry,2256400C0,6,6,6,4,6,6,6,6,6,0
Nova Southeastern University KPCOM-FL,Nova Southeastern University KPCOM,NOT,Clearwater,Clearwater,Psychiatry/Bay Pines,Psychiatry,2256400C1,3,3,3,3,3,1,0,0,0,0
Orange Park Med Ctr-FL,Orange Park Med Ctr,NOT,Orange Park,Orange Park,Surgery-Preliminary,Surgery-Preliminary,1771440P0,0,0,0,0,0,0,0,0,3,2
Orlando Health-FL,Orlando Health,SNHAF,Orlando,Orlando,Emergency Medicine,Emergency Medicine,1107110C0,18,18,18,18,18,18,18,18,18,18
Orlando Health-FL,Orlando Health,SNHAF,Orlando,Orlando,Internal Medicine,Internal Medicine,1107140C0,13,13,13,13,13,13,13,13,13,13
Orlando Health-FL,Orlando Health,SNHAF,Orlando,Orlando,Medicine-Preliminary,Medicine-Preliminary,1107140P0,2,0,2,1,2,2,2,2,2,2
Orlando Health-FL,Orlando Health,SNHAF,Orlando,Orlando,Neurology,Neurology,1107180C0,2,2,2,2,2,2,0,0,0,0
Orlando Health-FL,Orlando Health,SNHAF,Orlando,Orlando,Obstetrics-Gynecology,Obstetrics-Gynecology,1107220C0,8,8,8,8,7,7,7,7,7,7
Orlando Health-FL,Orlando Health,SNHAF,Orlando,Orlando,Orthopaedic Surgery,Orthopaedic Surgery,1107260C0,5,5,5,5,5,5,5,5,5,5
Orlando Health-FL,Orlando Health,SNHAF,Orlando,Orlando,Pathology,Pathology,1107300C0,2,1,3,3,2,2,3,2,3,3
Orlando Health-FL,Orlando Health,SNHAF,Orlando,Orlando,Pediatrics,Pediatrics,1107320C0,16,16,14,14,0,0,0,0,0,0
Orlando Health-FL,Orlando Health,SNHAF,Orlando,Orlando,General Surgery,General Surgery,1107440C0,6,6,6,6,6,6,6,6,6,6
Orlando Health-FL,Orlando Health,SNHAF,Orlando,Orlando,Surgery-Preliminary,Surgery-Preliminary,1107440P0,6,0,6,2,6,5,6,4,6,2
Palmetto General Hosp-FL,Palmetto General Hosp,NOT,Hialeah,Hialeah,Family Medicine,Family Medicine,2121120C0,0,0,0,0,4,4,3,3,4,4
Palmetto General Hosp-FL,Palmetto General Hosp,NOT,Hialeah,Hialeah,Internal Medicine,Internal Medicine,2121140C0,20,18,20,20,19,13,19,10,20,7
Palmetto General Hosp-FL,Palmetto General Hosp,NOT,Hialeah,Hialeah,Neurology,Neurology,2121180C0,1,1,1,1,1,1,1,1,1,0
Palm Beach Consortium for GME-FL,Palm Beach Consortium for GME,NOT,Ft. Lauderdale,Ft. Lauderdale,Emergency Medicine,Emergency Medicine,2042110C0,0,0,0,0,0,0,6,6,6,6
Palm Beach Consortium for GME-FL,Palm Beach Consortium for GME,NOT,Ft. Lauderdale,Ft. Lauderdale,Family Medicine,Family Medicine,2042120C0,0,0,0,0,0,0,6,4,6,1
Palm Beach Consortium for GME-FL,Palm Beach Consortium for GME,NOT,Ft. Lauderdale,Ft. Lauderdale,Pediatrics,Pediatrics,2042320C0,0,0,0,0,0,0,6,0,6,2
Palm Beach Consortium for GME-FL,Palm Beach Consortium for GME,NOT,Ft. Lauderdale,Ft. Lauderdale,Psychiatry,Psychiatry,2042400C0,0,0,0,0,0,0,9,9,9,9
Southern Winds Hospital-FL,Southern Winds Hospital,NOT,Hialeah,Hialeah,Psychiatry,Psychiatry,2393400C0,10,10,0,0,0,0,0,0,0,0
St Vincents Med Ctr-FL,St Vincents Med Ctr,SNHAF,Jacksonville,Jacksonville,Family Medicine,Family Medicine,3125120C0,12,12,10,10,10,10,10,10,10,10
Tallahassee Mem Healthcare-FL,Tallahassee Mem Healthcare,NOT,Tallahassee,Tallahassee,Family Medicine,Family Medicine,2926120C0,11,11,11,11,11,9,12,12,11,11
UCF COM/GME Consortium-FL,UCF COM/GME Consortium,NOT,Orlando,Ocala,Anesthesiology/Ocala,Anesthesiology,1587040R0,0,0,0,0,0,0,0,0,1,1
U Central FL/HCA Healthcare GME,U Central FL/HCA Healthcare GME,NOT,Orlando,Ocala,Anesthesiology/Ocala,Anesthesiology,1587040A0,9,9,9,9,9,9,9,9,9,9
U Central FL/HCA Healthcare GME,U Central FL/HCA Healthcare GME,NOT,Orlando,Orlando,Dermatology,Dermatology,1587080A0,2,2,2,2,2,2,0,0,0,0
U Central FL/HCA Healthcare GME,U Central FL/HCA Healthcare GME,NOT,Orlando,Orlando,Dermatology,Dermatology,1587080R0,0,0,0,0,2,2,0,0,0,0
U Central FL/HCA Healthcare GME,U Central FL/HCA Healthcare GME,NOT,Orlando,Orlando,Emergency Med/Orlando,Emergency Medicine,1587110C0,7,7,7,7,7,7,7,7,7,7
U Central FL/HCA Healthcare GME,U Central FL/HCA Healthcare GME,NOT,Orlando,Gainesville,Emergency Med/Gainesville,Emergency Medicine,1587110C1,8,8,8,8,8,8,8,8,8,8
U Central FL/HCA Healthcare GME,U Central FL/HCA Healthcare GME,NOT,Orlando,Ocala,Emergency Med/Ocala,Emergency Medicine,1587110C2,7,6,7,3,7,6,7,7,7,7
U Central FL/HCA Healthcare GME,U Central FL/HCA Healthcare GME,NOT,Orlando,Gainesville,Family Medicine/Gainesville,Family Medicine,1587120C0,8,7,8,8,8,8,8,8,8,8
U Central FL/HCA Healthcare GME,U Central FL/HCA Healthcare GME,NOT,Orlando,Ocala,Family Medicine/Ocala,Family Medicine,1587120C1,6,3,6,3,6,3,6,6,6,3
U Central FL/HCA Healthcare GME,U Central FL/HCA Healthcare GME,NOT,Orlando,Orlando,Internal Med/Orlando,Internal Medicine,1587140C0,25,25,25,25,25,25,25,25,25,25
U Central FL/HCA Healthcare GME,U Central FL/HCA Healthcare GME,NOT,Orlando,Ocala,Internal Medicine/Ocala,Internal Medicine,1587140C1,15,15,15,15,15,8,15,8,15,15
U Central FL/HCA Healthcare GME,U Central FL/HCA Healthcare GME,NOT,Orlando,Gainesville,Internal Med/Gainesville,Internal Medicine,1587140C2,20,20,20,20,20,15,20,20,20,11
U Central FL/HCA Healthcare GME,U Central FL/HCA Healthcare GME,NOT,Orlando,Pensacola,Internal Med/Pensacola,Internal Medicine,1587140C3,10,10,10,10,0,0,0,0,0,0
U Central FL/HCA Healthcare GME,U Central FL/HCA Healthcare GME,NOT,Orlando,Orlando,Internal Med/Lake Monroe,Internal Medicine,1587140C4,12,12,0,0,0,0,0,0,0,0
U Central FL/HCA Healthcare GME,U Central FL/HCA Healthcare GME,NOT,Orlando,Fort Walton Beach,Internal Med/Ft Walton Bch,Internal Medicine,1587140C5,12,0,0,0,0,0,0,0,0,0
U Central FL/HCA Healthcare GME,U Central FL/HCA Healthcare GME,NOT,Orlando,Kissimmee,Neurology/Kissimmee,Neurology,1587180C0,4,4,4,3,4,4,4,4,4,2
U Central FL/HCA Healthcare GME,U Central FL/HCA Healthcare GME,NOT,Orlando,Kissimmee,Ob-Gyn/Kissimmee,Obstetrics-Gynecology,1587220C0,3,3,3,3,3,3,3,3,3,3
U Central FL/HCA Healthcare GME,U Central FL/HCA Healthcare GME,NOT,Orlando,Gainesville,Ob-Gyn/Gainesville,Obstetrics-Gynecology,1587220C1,4,4,4,4,4,4,4,4,4,4
U Central FL/HCA Healthcare GME,U Central FL/HCA Healthcare GME,NOT,Orlando,Pensacola,Ob-Gyn/Pensacola,Obstetrics-Gynecology,1587220C2,3,3,3,2,3,3,3,3,0,0
U Central FL/HCA Healthcare GME,U Central FL/HCA Healthcare GME,NOT,Orlando,Ocala,Orthopaedic Surgery/Ocala,Orthopaedic Surgery,1587260C0,3,3,3,3,3,3,3,3,3,3
U Central FL/HCA Healthcare GME,U Central FL/HCA Healthcare GME,NOT,Orlando,Pensacola,Phys Med & Rehab/Pensacola,Physical Medicine & Rehabilitation,1587340A0,4,4,4,4,4,4,4,4,4,0
U Central FL/HCA Healthcare GME,U Central FL/HCA Healthcare GME,NOT,Orlando,Gainesville,Psychiatry/Gainesville,Psychiatry,1587400C0,8,8,8,8,8,8,8,8,8,8
U Central FL/HCA Healthcare GME,U Central FL/HCA Healthcare GME,NOT,Orlando,Kissimmee,Psychiatry/Kissimmee,Psychiatry,1587400C1,6,6,6,6,6,6,6,6,6,6
U Central FL/HCA Healthcare GME,U Central FL/HCA Healthcare GME,NOT,Orlando,Tallahassee,Psychiatry/Tallahassee,Psychiatry,1587400C2,6,6,6,6,6,4,0,0,0,0
U Central FL/HCA Healthcare GME,U Central FL/HCA Healthcare GME,NOT,Orlando,Ocala,General Surgery/Ocala,General Surgery,1587440C0,4,4,4,4,4,4,4,4,4,3
U Central FL/HCA Healthcare GME,U Central FL/HCA Healthcare GME,NOT,Orlando,Kissimmee,General Surgery/Kissimmee,General Surgery,1587440C1,3,3,3,3,3,3,3,3,3,3
U Central FL/HCA Healthcare GME,U Central FL/HCA Healthcare GME,NOT,Orlando,Pensacola,General Surgery/Pensacola,General Surgery,1587440C2,3,3,3,3,0,0,0,0,0,0
U Central FL/HCA Healthcare GME,U Central FL/HCA Healthcare GME,NOT,Orlando,Ocala,Surgery-Preliminary/Ocala,Surgery-Preliminary,1587440P0,4,0,4,0,4,0,4,0,4,0
U Central FL/HCA Healthcare GME,U Central FL/HCA Healthcare GME,NOT,Orlando,Orlando,Transitional/Orlando,Transitional,1587999P0,14,10,14,11,14,14,14,14,14,4
U Central FL/HCA Healthcare GME,U Central FL/HCA Healthcare GME,NOT,Orlando,Ocala,Transitional/Ocala,Transitional,1587999P1,13,13,13,13,13,11,13,13,13,8
U Central FL/HCA Healthcare GME,U Central FL/HCA Healthcare GME,NOT,Orlando,Gainesville,TransitionalGainesville,Transitional,1587999P2,12,11,12,11,12,12,12,12,13,9
U Florida COM-Jacksonville,U Florida COM-Jacksonville,SNHAF,Jacksonville,Jacksonville,Anesthesiology,Anesthesiology,1101040C0,4,4,4,4,4,4,4,4,4,4
U Florida COM-Jacksonville,U Florida COM-Jacksonville,SNHAF,Jacksonville,Jacksonville,Anesthesiology/Military,Anesthesiology,1101040C1,0,0,1,1,0,0,0,0,0,0
U Florida COM-Jacksonville,U Florida COM-Jacksonville,SNHAF,Jacksonville,Jacksonville,Emergency Medicine,Emergency Medicine,1101110C0,15,15,15,15,15,15,15,15,15,15
U Florida COM-Jacksonville,U Florida COM-Jacksonville,SNHAF,Jacksonville,Jacksonville,Emergency Medicine/Military,Emergency Medicine,1101110C1,0,0,0,0,1,1,0,0,0,0
U Florida COM-Jacksonville,U Florida COM-Jacksonville,SNHAF,Jacksonville,Jacksonville,Internal Medicine,Internal Medicine,1101140C0,16,16,16,16,14,14,14,14,14,14
U Florida COM-Jacksonville,U Florida COM-Jacksonville,SNHAF,Jacksonville,Jacksonville,Medicine-Preliminary,Medicine-Preliminary,1101140P0,2,2,2,2,6,2,2,2,2,1
U Florida COM-Jacksonville,U Florida COM-Jacksonville,SNHAF,Jacksonville,Jacksonville,Med-Prelim/Neurology,Medicine-Preliminary,1101140P1,4,4,4,4,4,4,4,4,4,4
U Florida COM-Jacksonville,U Florida COM-Jacksonville,SNHAF,Jacksonville,Jacksonville,Med-Prelim/Radiology,Medicine-Preliminary,1101140P2,0,0,2,0,1,1,0,0,0,0
U Florida COM-Jacksonville,U Florida COM-Jacksonville,SNHAF,Jacksonville,Jacksonville,Neurology,Neurology,1101180A0,4,4,4,4,4,4,4,4,4,4
U Florida COM-Jacksonville,U Florida COM-Jacksonville,SNHAF,Jacksonville,Jacksonville,Obstetrics-Gynecology,Obstetrics-Gynecology,1101220C0,6,6,6,6,6,6,6,6,6,6
U Florida COM-Jacksonville,U Florida COM-Jacksonville,SNHAF,Jacksonville,Jacksonville,Orthopaedic Surgery,Orthopaedic Surgery,1101260C0,4,4,4,4,4,4,4,4,4,4
U Florida COM-Jacksonville,U Florida COM-Jacksonville,SNHAF,Jacksonville,Jacksonville,Pathology,Pathology,1101300C0,2,2,2,2,2,2,2,2,2,2
U Florida COM-Jacksonville,U Florida COM-Jacksonville,SNHAF,Jacksonville,Jacksonville,Pediatrics,Pediatrics,1101320C0,14,11,14,14,14,11,14,14,13,13
U Florida COM-Jacksonville,U Florida COM-Jacksonville,SNHAF,Jacksonville,Jacksonville,Peds-Prelim/Child Neurology,Child Neurology,1101320P0,2,2,2,2,2,2,2,2,2,2
U Florida COM-Jacksonville,U Florida COM-Jacksonville,SNHAF,Jacksonville,Jacksonville,Psychiatry,Psychiatry,1101400C0,3,3,3,3,3,3,2,2,2,2
U Florida COM-Jacksonville,U Florida COM-Jacksonville,SNHAF,Jacksonville,Jacksonville,Psychiatry/CAP,Psychiatry,1101400C1,2,2,2,2,2,2,2,2,2,2
U Florida COM-Jacksonville,U Florida COM-Jacksonville,SNHAF,Jacksonville,Jacksonville,Interventional Radiology (Integ),Interventional Radiology,1101416A0,1,1,1,1,1,1,1,1,1,1
U Florida COM-Jacksonville,U Florida COM-Jacksonville,SNHAF,Jacksonville,Jacksonville,Radiology-Diagnostic,Radiology-Diagnostic,1101420A0,5,5,6,6,5,5,5,5,4,4
U Florida COM-Jacksonville,U Florida COM-Jacksonville,SNHAF,Jacksonville,Jacksonville,Radiology-Diagnostic,Radiology-Diagnostic,1101420R0,1,1,1,1,0,0,1,1,0,0
U Florida COM-Jacksonville,U Florida COM-Jacksonville,SNHAF,Jacksonville,Jacksonville,General Surgery,General Surgery,1101440C0,5,5,5,5,5,5,4,4,4,4
U Florida COM-Jacksonville,U Florida COM-Jacksonville,SNHAF,Jacksonville,Jacksonville,Surgery-Preliminary,Surgery-Preliminary,1101440P0,6,3,6,0,6,0,6,1,6,2
U Florida COM-Shands Hosp,U Florida COM-Shands Hosp,SNHAF,Gainesville,Gainesville,Anesthesiology,Anesthesiology,1824040A0,1,1,1,1,1,1,0,0,0,0
U Florida COM-Shands Hosp,U Florida COM-Shands Hosp,SNHAF,Gainesville,Gainesville,Anesthesiology,Anesthesiology,1824040C0,20,20,20,20,20,20,20,20,19,19
U Florida COM-Shands Hosp,U Florida COM-Shands Hosp,SNHAF,Gainesville,Gainesville,Anesthesiology,Anesthesiology,1824040R1,3,3,4,4,6,6,5,5,5,4
U Florida COM-Shands Hosp,U Florida COM-Shands Hosp,SNHAF,Gainesville,Gainesville,Dermatology,Dermatology,1824080A0,4,4,4,4,4,4,4,4,4,4
U Florida COM-Shands Hosp,U Florida COM-Shands Hosp,SNHAF,Gainesville,Gainesville,Emergency Medicine,Emergency Medicine,1824110C0,14,14,14,14,14,14,14,14,14,14
U Florida COM-Shands Hosp,U Florida COM-Shands Hosp,SNHAF,Gainesville,Gainesville,Family Medicine,Family Medicine,1824120C0,9,9,9,9,9,6,9,9,9,9
U Florida COM-Shands Hosp,U Florida COM-Shands Hosp,SNHAF,Gainesville,Miramar Beach,Family Med/Emerald Coast,Family Medicine,1824120C1,6,5,0,0,0,0,0,0,0,0
U Florida COM-Shands Hosp,U Florida COM-Shands Hosp,SNHAF,Gainesville,Gainesville,Internal Med/Gainesville,Internal Medicine,1824140C0,33,33,32,32,33,33,32,32,32,32
U Florida COM-Shands Hosp,U Florida COM-Shands Hosp,SNHAF,Gainesville,Pensacola,Internal Med/Pensacola,Internal Medicine,1824140C1,4,4,4,4,4,4,4,4,4,4
U Florida COM-Shands Hosp,U Florida COM-Shands Hosp,SNHAF,Gainesville,Gainesville,Medicine-Preliminary,Medicine-Preliminary,1824140P0,12,12,14,14,14,14,14,12,17,16
U Florida COM-Shands Hosp,U Florida COM-Shands Hosp,SNHAF,Gainesville,Gainesville,Neurological Surgery,Neurological Surgery,1824160C0,2,2,2,2,2,2,3,3,2,2
U Florida COM-Shands Hosp,U Florida COM-Shands Hosp,SNHAF,Gainesville,Gainesville,Neurology,Neurology,1824180C0,8,8,8,8,8,8,8,8,8,8
U Florida COM-Shands Hosp,U Florida COM-Shands Hosp,SNHAF,Gainesville,Gainesville,Child Neurology,Child Neurology,1824185C0,2,2,2,2,1,0,1,1,1,1
U Florida COM-Shands Hosp,U Florida COM-Shands Hosp,SNHAF,Gainesville,Gainesville,Child Neurology,Child Neurology,1824185R0,1,0,1,1,0,0,0,0,0,0
U Florida COM-Shands Hosp,U Florida COM-Shands Hosp,SNHAF,Gainesville,Gainesville,Ob-Gyn/Gainesville,Obstetrics-Gynecology,1824220C0,5,5,5,5,5,5,4,4,4,4
U Florida COM-Shands Hosp,U Florida COM-Shands Hosp,SNHAF,Gainesville,Pensacola,Ob-Gyn/Pensacola,Obstetrics-Gynecology,1824220C1,6,6,5,5,4,4,4,4,4,4
U Florida COM-Shands Hosp,U Florida COM-Shands Hosp,SNHAF,Gainesville,Gainesville,Orthopaedic Surgery,Orthopaedic Surgery,1824260C0,4,4,4,4,4,4,4,4,4,4
U Florida COM-Shands Hosp,U Florida COM-Shands Hosp,SNHAF,Gainesville,Gainesville,Otolaryngology,Otolaryngology,1824280C0,3,3,3,3,3,3,3,3,3,3
U Florida COM-Shands Hosp,U Florida COM-Shands Hosp,SNHAF,Gainesville,Gainesville,Pathology,Pathology,1824300C0,4,4,5,5,4,4,4,4,4,4
U Florida COM-Shands Hosp,U Florida COM-Shands Hosp,SNHAF,Gainesville,Gainesville,Pediatrics/Gainesville,Pediatrics,1824320C0,18,18,17,17,17,17,16,16,17,17
U Florida COM-Shands Hosp,U Florida COM-Shands Hosp,SNHAF,Gainesville,Orlando,Peds/Arnold Palmer-Orlando,Pediatrics,1824320C1,0,0,0,0,14,14,14,14,14,14
U Florida COM-Shands Hosp,U Florida COM-Shands Hosp,SNHAF,Gainesville,Pensacola,Pediatrics/Pensacola,Pediatrics,1824320C3,9,8,9,9,9,9,9,9,9,8
U Florida COM-Shands Hosp,U Florida COM-Shands Hosp,SNHAF,Gainesville,Gainesville,Phys Medicine & Rehab,Physical Medicine & Rehabilitation,1824340A0,4,4,4,4,4,4,4,4,0,0
U Florida COM-Shands Hosp,U Florida COM-Shands Hosp,SNHAF,Gainesville,Gainesville,Phys Medicine & Rehab,Physical Medicine & Rehabilitation,1824340R0,0,0,0,0,0,0,4,4,0,0
U Florida COM-Shands Hosp,U Florida COM-Shands Hosp,SNHAF,Gainesville,Gainesville,Plastic Surgery (Integrated),Plastic Surgery,1824362C0,1,1,1,1,1,1,1,1,1,1
U Florida COM-Shands Hosp,U Florida COM-Shands Hosp,SNHAF,Gainesville,Gainesville,Psychiatry,Psychiatry,1824400C0,12,12,12,12,11,11,9,9,14,14
U Florida COM-Shands Hosp,U Florida COM-Shands Hosp,SNHAF,Gainesville,Gainesville,Radiology-Diagnostic,Radiology-Diagnostic,1824420A0,12,12,12,12,11,11,10,10,13,13
U Florida COM-Shands Hosp,U Florida COM-Shands Hosp,SNHAF,Gainesville,Gainesville,Radiation Oncology,Radiation Oncology,1824430A0,3,3,2,1,2,2,2,1,2,2
U Florida COM-Shands Hosp,U Florida COM-Shands Hosp,SNHAF,Gainesville,Gainesville,General Surgery,General Surgery,1824440C0,6,6,6,6,6,6,6,6,6,6
U Florida COM-Shands Hosp,U Florida COM-Shands Hosp,SNHAF,Gainesville,Gainesville,Surgery-Preliminary,Surgery-Preliminary,1824440P0,8,7,8,6,8,3,8,8,8,8
U Florida COM-Shands Hosp,U Florida COM-Shands Hosp,SNHAF,Gainesville,Gainesville,Thoracic Surgery,Thoracic Surgery,1824461C0,0,0,1,1,1,1,1,1,0,0
U Miami/Jackson Health System-FL,U Miami/Jackson Health System,SNHAF,Miami,Miami,Anesthesiology,Anesthesiology,1104040A0,2,2,2,2,2,2,2,2,2,2
U Miami/Jackson Health System-FL,U Miami/Jackson Health System,SNHAF,Miami,Miami,Anesthesiology,Anesthesiology,1104040C3,26,26,24,24,26,26,26,26,26,26
U Miami/Jackson Health System-FL,U Miami/Jackson Health System,SNHAF,Miami,Miami,Anesthesiology/3-yr MD Path,Anesthesiology,1104040C4,0,0,2,2,0,0,0,0,0,0
U Miami/Jackson Health System-FL,U Miami/Jackson Health System,SNHAF,Miami,Miami,Anesthesiology,Anesthesiology,1104040R0,0,0,0,0,0,0,0,0,1,1
U Miami/Jackson Health System-FL,U Miami/Jackson Health System,SNHAF,Miami,Miami,Anesthesiology/Funded Military,Anesthesiology,1104040R1,0,0,2,0,0,0,0,0,0,0
U Miami/Jackson Health System-FL,U Miami/Jackson Health System,SNHAF,Miami,Miami,Dermatology,Dermatology,1104080A0,6,6,6,6,5,5,7,7,7,7
U Miami/Jackson Health System-FL,U Miami/Jackson Health System,SNHAF,Miami,Miami,Dermatology/PhD Research,Dermatology,1104080A1,1,0,1,1,0,0,0,0,0,0
U Miami/Jackson Health System-FL,U Miami/Jackson Health System,SNHAF,Miami,Miami,Dermatology/DMCH,Dermatology,1104080A2,1,1,0,0,0,0,0,0,0,0
U Miami/Jackson Health System-FL,U Miami/Jackson Health System,SNHAF,Miami,Miami,Dermatology,Dermatology,1104080R0,0,0,0,0,0,0,1,1,1,1
U Miami/Jackson Health System-FL,U Miami/Jackson Health System,SNHAF,Miami,Miami,Dermatology,Dermatology,1104080R2,0,0,2,2,0,0,0,0,0,0
U Miami/Jackson Health System-FL,U Miami/Jackson Health System,SNHAF,Miami,Miami,Emergency Medicine,Emergency Medicine,1104110C0,14,14,14,14,14,14,14,14,14,14
U Miami/Jackson Health System-FL,U Miami/Jackson Health System,SNHAF,Miami,Miami,Emergency Med/Funded,Emergency Medicine,1104110C1,0,0,1,0,1,0,1,0,1,0
U Miami/Jackson Health System-FL,U Miami/Jackson Health System,SNHAF,Miami,Miami,Family Medicine,Family Medicine,1104120C0,8,8,8,8,8,8,8,8,8,8
U Miami/Jackson Health System-FL,U Miami/Jackson Health System,SNHAF,Miami,Miami,Internal Medicine,Internal Medicine,1104140C0,23,23,21,21,24,24,23,23,25,25
U Miami/Jackson Health System-FL,U Miami/Jackson Health System,SNHAF,Miami,Miami,Internal Med/Funded,Internal Medicine,1104140C1,1,1,1,0,1,1,0,0,0,0
U Miami/Jackson Health System-FL,U Miami/Jackson Health System,SNHAF,Miami,Miami,Internal Med/Harrington,Internal Medicine,1104140C2,12,12,12,12,11,11,12,12,12,12
U Miami/Jackson Health System-FL,U Miami/Jackson Health System,SNHAF,Miami,Miami,Internal Med/Urban Health,Internal Medicine,1104140C3,3,3,4,4,2,2,3,3,1,1
U Miami/Jackson Health System-FL,U Miami/Jackson Health System,SNHAF,Miami,Miami,Internal Medicine/3-yr MD Path,Internal Medicine,1104140C4,0,0,1,1,0,0,0,0,0,0
U Miami/Jackson Health System-FL,U Miami/Jackson Health System,SNHAF,Miami,Miami,Medicine-Preliminary,Medicine-Preliminary,1104140P0,3,3,4,4,4,4,4,4,2,2
U Miami/Jackson Health System-FL,U Miami/Jackson Health System,SNHAF,Miami,Miami,Med-Prelim/Neurology,Medicine-Preliminary,1104140P1,0,0,0,0,0,0,0,0,2,2
U Miami/Jackson Health System-FL,U Miami/Jackson Health System,SNHAF,Miami,Miami,Med-Prelim/BPEI,Medicine-Preliminary,1104140P3,8,8,7,7,7,7,7,7,7,7
U Miami/Jackson Health System-FL,U Miami/Jackson Health System,SNHAF,Miami,Miami,Neurological Surgery,Neurological Surgery,1104160C0,3,3,3,3,3,3,3,3,3,3
U Miami/Jackson Health System-FL,U Miami/Jackson Health System,SNHAF,Miami,Miami,Neurology,Neurology,1104180A0,3,3,3,3,3,3,3,3,3,3
U Miami/Jackson Health System-FL,U Miami/Jackson Health System,SNHAF,Miami,Miami,Neurology,Neurology,1104180C0,9,9,8,8,9,9,8,8,9,9
U Miami/Jackson Health System-FL,U Miami/Jackson Health System,SNHAF,Miami,Miami,Neurology,Neurology,1104180R0,1,1,0,0,1,1,0,0,0,0
U Miami/Jackson Health System-FL,U Miami/Jackson Health System,SNHAF,Miami,Miami,Obstetrics-Gynecology,Obstetrics-Gynecology,1104220C0,8,8,8,8,8,8,8,8,8,8
U Miami/Jackson Health System-FL,U Miami/Jackson Health System,SNHAF,Miami,Miami,Orthopaedic Surgery,Orthopaedic Surgery,1104260C0,7,7,7,7,7,7,7,7,7,7
U Miami/Jackson Health System-FL,U Miami/Jackson Health System,SNHAF,Miami,Miami,Otolaryngology,Otolaryngology,1104280C0,3,3,3,3,3,3,3,3,3,3
U Miami/Jackson Health System-FL,U Miami/Jackson Health System,SNHAF,Miami,Miami,Otolaryngology/Research,Otolaryngology,1104280C1,1,1,1,1,1,1,1,1,1,1
U Miami/Jackson Health System-FL,U Miami/Jackson Health System,SNHAF,Miami,Miami,Pathology,Pathology,1104300C0,3,3,3,3,6,6,5,5,0,0
U Miami/Jackson Health System-FL,U Miami/Jackson Health System,SNHAF,Miami,Miami,Pathology/3-yr MD Path,Pathology,1104300C1,1,1,1,1,0,0,0,0,0,0
U Miami/Jackson Health System-FL,U Miami/Jackson Health System,SNHAF,Miami,Miami,Pediatrics,Pediatrics,1104320C0,21,21,19,19,22,22,22,22,21,21
U Miami/Jackson Health System-FL,U Miami/Jackson Health System,SNHAF,Miami,Miami,Pediatrics/3-yr MD Path,Pediatrics,1104320C1,1,1,2,2,0,0,0,0,0,0
U Miami/Jackson Health System-FL,U Miami/Jackson Health System,SNHAF,Miami,Miami,Phys Medicine & Rehab,Physical Medicine & Rehabilitation,1104340A0,8,8,8,8,8,8,8,8,8,8
U Miami/Jackson Health System-FL,U Miami/Jackson Health System,SNHAF,Miami,Miami,Phys Medicine & Rehab,Physical Medicine & Rehabilitation,1104340R0,0,0,0,0,0,0,0,0,2,2
U Miami/Jackson Health System-FL,U Miami/Jackson Health System,SNHAF,Miami,Miami,Plastic Surgery (Integrated),Plastic Surgery,1104362C0,2,2,2,2,2,2,2,2,1,1
U Miami/Jackson Health System-FL,U Miami/Jackson Health System,SNHAF,Miami,Miami,Plastic Surgery (Integ)/Funded,Plastic Surgery,1104362C1,0,0,0,0,0,0,0,0,1,1
U Miami/Jackson Health System-FL,U Miami/Jackson Health System,SNHAF,Miami,Miami,Psychiatry,Psychiatry,1104400C0,13,13,13,13,14,14,12,12,12,12
U Miami/Jackson Health System-FL,U Miami/Jackson Health System,SNHAF,Miami,Miami,Psychiatry/Funded IMG,Psychiatry,1104400C1,0,0,0,0,0,0,0,0,2,1
U Miami/Jackson Health System-FL,U Miami/Jackson Health System,SNHAF,Miami,Miami,Psychiatry/3-Yr MD Path,Psychiatry,1104400C2,1,1,1,1,0,0,0,0,0,0
U Miami/Jackson Health System-FL,U Miami/Jackson Health System,SNHAF,Miami,Miami,Interventional Radiology (Integ),Interventional Radiology,1104416A0,3,3,3,3,3,3,3,3,3,3
U Miami/Jackson Health System-FL,U Miami/Jackson Health System,SNHAF,Miami,Miami,Radiology-Diagnostic,Radiology-Diagnostic,1104420A0,9,9,9,9,9,9,9,9,9,9
U Miami/Jackson Health System-FL,U Miami/Jackson Health System,SNHAF,Miami,Miami,Rad-Diag/International,Radiology-Diagnostic,1104420A2,1,1,0,0,1,1,2,1,2,2
U Miami/Jackson Health System-FL,U Miami/Jackson Health System,SNHAF,Miami,Miami,Radiology-Diagnostic,Radiology-Diagnostic,1104420R0,1,1,0,0,0,0,0,0,0,0
U Miami/Jackson Health System-FL,U Miami/Jackson Health System,SNHAF,Miami,Miami,Radiation Oncology,Radiation Oncology,1104430A0,2,2,2,0,2,1,2,2,2,2
U Miami/Jackson Health System-FL,U Miami/Jackson Health System,SNHAF,Miami,Miami,Radiation Oncology,Radiation Oncology,1104430R0,3,1,1,1,0,0,0,0,0,0
U Miami/Jackson Health System-FL,U Miami/Jackson Health System,SNHAF,Miami,Miami,General Surgery,General Surgery,1104440C0,6,6,7,7,7,7,7,7,7,7
U Miami/Jackson Health System-FL,U Miami/Jackson Health System,SNHAF,Miami,Miami,General Surgery/3-Yr MD Path,General Surgery,1104440C1,1,1,0,0,0,0,0,0,0,0
U Miami/Jackson Health System-FL,U Miami/Jackson Health System,SNHAF,Miami,Miami,Surgery-Preliminary,Surgery-Preliminary,1104440P1,14,14,15,15,13,13,11,7,11,11
U Miami/Jackson Health System-FL,U Miami/Jackson Health System,SNHAF,Miami,Miami,Vascular Surgery/Integrated,Vascular Surgery,1104451C0,1,1,0,0,1,1,0,0,1,1
U Miami/Jackson Health System-FL,U Miami/Jackson Health System,SNHAF,Miami,Miami,Medicine-Pediatrics,Medicine-Pediatrics,1104700C0,5,5,5,5,5,5,5,5,5,5
U Miami MSOM/Holy Cross-FL,U Miami MSOM/Holy Cross,NOT,Miami,Miami,Internal Medicine,Internal Medicine,1821140C0,14,14,13,13,14,14,14,14,14,14
U Miami MSOM/Holy Cross-FL,U Miami MSOM/Holy Cross,NOT,Miami,Miami,Medicine-Preliminary,Medicine-Preliminary,1821140P0,6,6,6,6,6,6,6,6,6,6
U Miami MSOM/Holy Cross-FL,U Miami MSOM/Holy Cross,NOT,Miami,Miami,General Surgery,General Surgery,1821440C0,3,3,3,3,3,3,3,3,3,3
U Miami MSOM/Holy Cross-FL,U Miami MSOM/Holy Cross,NOT,Miami,Miami,Transitional,Transitional,1821999P0,15,12,15,15,15,15,15,15,15,15
U South Florida Morsani COM-Tampa,U South Florida Morsani COM-Tampa,SNHAF,Tampa,Tampa,Anesthesiology,Anesthesiology,1109040C0,8,8,0,0,0,0,0,0,0,0
U South Florida Morsani COM-Tampa,U South Florida Morsani COM-Tampa,SNHAF,Tampa,Tampa,Dermatology,Dermatology,1109080A0,4,4,4,4,4,4,4,4,4,4
U South Florida Morsani COM-Tampa,U South Florida Morsani COM-Tampa,SNHAF,Tampa,Tampa,Emergency Medicine,Emergency Medicine,1109110C0,10,10,10,10,10,10,10,10,10,10
U South Florida Morsani COM-Tampa,U South Florida Morsani COM-Tampa,SNHAF,Tampa,Tampa,Family Medicine,Family Medicine,1109120C0,8,8,8,8,8,8,8,8,8,6
U South Florida Morsani COM-Tampa,U South Florida Morsani COM-Tampa,SNHAF,Tampa,Tampa,Internal Medicine,Internal Medicine,1109140C0,34,34,33,33,33,33,33,33,33,33
U South Florida Morsani COM-Tampa,U South Florida Morsani COM-Tampa,SNHAF,Tampa,Tampa,Medicine-Preliminary,Medicine-Preliminary,1109140P0,6,6,8,5,6,0,3,2,9,4
U South Florida Morsani COM-Tampa,U South Florida Morsani COM-Tampa,SNHAF,Tampa,Tampa,Med-Prelim/Dermatology,Medicine-Preliminary,1109140P1,2,2,3,0,1,1,2,2,1,1
U South Florida Morsani COM-Tampa,U South Florida Morsani COM-Tampa,SNHAF,Tampa,Tampa,Med-Prelim/Radiology,Medicine-Preliminary,1109140P2,3,3,1,1,4,4,3,3,4,4
U South Florida Morsani COM-Tampa,U South Florida Morsani COM-Tampa,SNHAF,Tampa,Tampa,Med-Prelim/Radiation Onc,Medicine-Preliminary,1109140P3,1,1,0,0,2,2,2,2,0,0
U South Florida Morsani COM-Tampa,U South Florida Morsani COM-Tampa,SNHAF,Tampa,Tampa,Med-Prelim/Ophthalmology,Medicine-Preliminary,1109140P4,0,0,4,4,4,4,4,4,0,0
U South Florida Morsani COM-Tampa,U South Florida Morsani COM-Tampa,SNHAF,Tampa,Tampa,Neurological Surgery,Neurological Surgery,1109160C0,2,2,2,2,2,2,2,2,2,2
U South Florida Morsani COM-Tampa,U South Florida Morsani COM-Tampa,SNHAF,Tampa,Tampa,Neurology,Neurology,1109180C0,8,8,8,8,8,8,8,8,8,8
U South Florida Morsani COM-Tampa,U South Florida Morsani COM-Tampa,SNHAF,Tampa,Tampa,Obstetrics-Gynecology,Obstetrics-Gynecology,1109220C0,6,6,6,6,6,6,6,6,6,6
U South Florida Morsani COM-Tampa,U South Florida Morsani COM-Tampa,SNHAF,Tampa,Tampa,Orthopaedic Surgery,Orthopaedic Surgery,1109260C0,4,4,4,4,4,4,4,4,4,4
U South Florida Morsani COM-Tampa,U South Florida Morsani COM-Tampa,SNHAF,Tampa,Tampa,Otolaryngology,Otolaryngology,1109280C0,3,3,3,3,3,3,3,3,3,3
U South Florida Morsani COM-Tampa,U South Florida Morsani COM-Tampa,SNHAF,Tampa,Tampa,Pathology,Pathology,1109300C0,3,3,3,3,3,3,3,3,4,4
U South Florida Morsani COM-Tampa,U South Florida Morsani COM-Tampa,SNHAF,Tampa,Tampa,Pediatrics,Pediatrics,1109320C0,12,12,12,12,12,12,12,12,12,12
U South Florida Morsani COM-Tampa,U South Florida Morsani COM-Tampa,SNHAF,Tampa,Tampa,Phys Medicine & Rehab,Physical Medicine & Rehabilitation,1109340C2,3,3,3,3,3,3,3,2,3,3
U South Florida Morsani COM-Tampa,U South Florida Morsani COM-Tampa,SNHAF,Tampa,Tampa,Plastic Surgery (Integrated),Plastic Surgery,1109362C0,4,4,4,4,4,4,4,4,4,4
U South Florida Morsani COM-Tampa,U South Florida Morsani COM-Tampa,SNHAF,Tampa,Tampa,Psychiatry,Psychiatry,1109400C0,10,10,10,10,10,10,10,10,10,10
U South Florida Morsani COM-Tampa,U South Florida Morsani COM-Tampa,SNHAF,Tampa,Tampa,Interventional Radiology (Integ),Interventional Radiology,1109416A0,2,2,2,2,2,2,2,2,2,2
U South Florida Morsani COM-Tampa,U South Florida Morsani COM-Tampa,SNHAF,Tampa,Tampa,Radiology-Diagnostic,Radiology-Diagnostic,1109420A0,6,6,6,6,6,6,6,6,6,6
U South Florida Morsani COM-Tampa,U South Florida Morsani COM-Tampa,SNHAF,Tampa,Tampa,Radiology-Diagnostic,Radiology-Diagnostic,1109420R0,0,0,0,0,1,1,0,0,0,0
U South Florida Morsani COM-Tampa,U South Florida Morsani COM-Tampa,SNHAF,Tampa,Tampa,Radiation Oncology,Radiation Oncology,1109430A0,2,2,3,2,2,2,3,3,2,2
U South Florida Morsani COM-Tampa,U South Florida Morsani COM-Tampa,SNHAF,Tampa,Tampa,General Surgery,General Surgery,1109440C0,7,7,7,7,6,6,6,6,6,6
U South Florida Morsani COM-Tampa,U South Florida Morsani COM-Tampa,SNHAF,Tampa,Tampa,Surgery-Preliminary,Surgery-Preliminary,1109440P0,4,3,4,3,4,3,4,4,4,4
U South Florida Morsani COM-Tampa,U South Florida Morsani COM-Tampa,SNHAF,Tampa,Tampa,Surg-Prelim/Int Radiology,Surgery-Preliminary,1109440P2,0,0,0,0,0,0,0,0,2,0
U South Florida Morsani COM-Tampa,U South Florida Morsani COM-Tampa,SNHAF,Tampa,Tampa,Vascular Surgery,Vascular Surgery,1109451C0,2,2,2,2,2,2,2,2,2,0
U South Florida Morsani COM-Tampa,U South Florida Morsani COM-Tampa,SNHAF,Tampa,Tampa,Medicine-Pediatrics,Medicine-Pediatrics,1109700C0,5,5,6,6,5,5,3,3,6,6
Wellington Reg Med Ctr-FL,Wellington Reg Med Ctr,NOT,Wellington,Wellington,Internal Medicine,Internal Medicine,2218140C0,8,8,8,8,8,8,0,0,6,5
West Kendall Baptist Hospital-FL,West Kendall Baptist Hospital,NOT,Miami,Miami,Family Medicine,Family Medicine,1538120C0,0,0,0,0,4,4,4,4,4,4
